recommendation1,recommendation2,recommendation3
2004,564,496
1825,1965,1483
546,442,1841
1914,1136,1058
215,748,1284
1034,610,33
414,1178,1347
1967,377,1520
1956,801,1252
1956,1382,1893
1532,1956,1547
1072,438,1315
890,119,393
524,1484,687
524,597,827
378,1450,1383
161,1299,524
255,579,388
380,1494,618
546,1404,479
1558,66,331
1054,1533,1585
1450,572,1248
1132,1535,967
1482,1315,1980
1315,1072,1361
887,1949,1389
1598,1126,867
972,1231,1245
763,1174,1370
31,89,662
30,1135,662
388,121,160
1288,610,1034
34,469,872
359,659,588
292,1654,200
2023,361,38
1073,361,1578
1439,1193,1053
1284,1448,348
1066,1595,1068
1284,675,5
128,686,484
896,459,328
363,2024,1079
307,274,128
1521,865,312
387,1133,689
1450,200,1654
84,1829,112
66,1122,67
122,1532,962
628,1583,1242
1088,1456,1054
1829,763,107
1832,34,291
943,968,546
1520,1052,1865
1949,205,1927
257,1747,671
117,1580,1940
66,4,1451
66,51,1284
1122,61,51
1073,1532,1580
51,62,1091
1284,1642,215
1220,207,1701
1622,1218,1515
1448,1963,1764
541,1205,1652
1494,1033,1482
1504,1894,922
686,687,1178
216,226,1879
1395,1376,487
893,734,1287
429,443,866
687,524,1261
1658,74,1700
1515,94,1967
1931,2012,370
1246,1054,1829
802,151,31
135,741,1652
620,918,244
2054,561,1803
89,182,1626
30,546,517
638,1915,1849
92,578,1284
361,659,742
152,768,546
1458,875,1026
983,930,929
132,1355,831
1494,1106,381
539,538,1483
700,789,116
1079,1071,1070
1382,699,632
576,893,295
572,700,624
952,1167,531
659,200,545
1289,1638,519
1261,659,751
504,753,1246
570,189,1253
1995,496,1654
1254,546,943
802,454,31
1223,1217,409
236,484,313
318,1913,1068
138,628,1503
1638,1159,583
1949,1893,546
1071,525,1556
790,116,469
1501,1918,611
359,907,1052
583,1217,186
1043,1048,558
1515,1157,1708
179,841,1622
558,111,1563
627,234,493
628,120,1062
220,1246,677
1963,717,1033
907,628,968
546,1174,1050
1370,155,763
659,611,532
141,906,686
309,1284,700
116,924,923
200,1654,632
112,1485,1374
906,136,215
624,1020,1149
875,1808,627
951,1893,243
693,1913,1590
1802,520,936
1068,310,795
944,951,893
628,1070,831
610,1133,1061
687,1261,1327
93,632,1382
107,452,967
899,784,1383
875,485,994
1341,969,637
1776,1284,700
1977,1334,757
1556,92,868
1501,659,1450
1205,1299,105
203,1090,188
546,1254,621
74,686,1383
200,1299,822
637,632,454
687,773,121
35,179,967
659,436,687
1648,1934,1769
802,1051,702
562,1556,2024
1284,91,190
1253,1842,186
1370,1450,631
1515,1656,1163
659,1178,687
1823,348,288
576,1327,388
1140,158,1928
875,1532,1071
257,1393,262
792,295,207
1435,974,1484
111,558,664
179,603,174
188,868,1675
187,1610,1289
31,585,1503
1376,1178,581
1362,200,1134
1282,1382,78
1061,1654,972
1984,3,687
481,1730,1079
655,625,1727
1654,262,1986
1506,1875,250
84,988,1650
913,822,1261
659,973,504
1706,1495,1727
1706,1515,179
2099,1980,1341
1407,1949,1016
1879,1387,1965
295,575,822
913,1494,576
212,841,166
1802,965,925
1403,1435,827
621,1385,215
1174,546,1048
1435,700,1335
212,1035,1486
75,1879,1748
259,2001,1808
1328,976,812
1789,525,1618
742,508,1423
1385,1366,792
861,1052,307
1893,1656,1949
135,1140,755
1059,872,1061
908,1960,1595
484,579,1383
929,930,336
1328,752,588
1580,1533,628
1654,1052,1865
1803,143,1541
1877,200,94
627,823,336
1654,1061,525
259,114,707
247,1494,921
501,1058,1623
1068,469,1059
951,1927,546
1658,1178,792
1747,1064,1706
964,365,144
1515,875,469
924,923,138
823,522,923
921,1950,788
792,700,1375
1061,1253,1654
3,1057,501
1946,663,1280
1992,1370,546
107,1174,1051
823,1061,522
359,501,388
741,471,1237
182,554,1748
1842,249,1246
266,217,234
309,602,907
493,496,1830
873,840,1796
247,1950,1943
1480,750,1829
234,823,627
259,284,128
1814,35,603
1035,1089,823
1956,1984,1965
261,914,1442
1725,1430,1052
1965,356,1977
135,1998,1162
1959,624,128
940,245,1520
1829,1984,687
1135,1977,31
1654,525,1934
1520,94,1817
1814,234,984
789,1533,865
1943,247,1694
802,257,60
266,259,914
1533,1456,1585
130,1867,1207
1974,1532,1700
1376,2013,249
1595,1046,1985
135,876,359
34,469,872
1601,719,200
866,1263,699
119,1789,1029
151,588,1327
469,968,907
222,2075,335
386,1263,1351
291,34,1084
469,1913,1054
707,1149,228
1196,1828,84
732,731,291
1070,875,469
1520,502,1088
1026,1061,824
1914,1654,627
484,313,114
345,1284,700
621,1068,924
675,1032,1284
318,1000,1067
484,259,114
1007,1133,361
1500,309,249
1503,1272,922
671,817,1026
1067,115,1059
943,1254,1068
342,802,1990
1504,817,695
1173,698,1128
452,130,1061
628,929,930
1132,1108,760
1802,1263,804
135,35,1520
1747,659,509
1392,1333,1812
1378,82,365
1284,675,1558
1157,1845,179
802,546,621
1242,1199,1456
2075,1859,343
680,121,228
338,89,262
337,261,493
784,875,779
1072,737,1532
347,2071,2011
320,801,292
476,1059,115
627,875,1541
1134,1347,116
1556,1386,790
341,2071,2011
1284,1776,249
1916,2059,1803
1148,1125,565
1091,66,51
893,546,501
1928,1623,1052
1841,1547,1285
501,1370,1450
787,1990,272
1252,687,1383
113,1771,969
576,388,122
33,595,1288
1089,92,1583
228,627,2025
971,1556,235
899,1219,1570
243,479,875
1450,1595,289
1574,1931,365
1045,733,343
443,1654,576
353,1370,1623
387,155,875
482,1893,888
374,31,1263
866,1382,1263
1132,1464,440
1287,525,1252
442,1257,1986
659,1450,1385
1174,1503,1457
858,295,165
1423,200,1652
2012,59,1927
411,893,1752
291,34,469
1643,91,480
298,1263,1107
160,659,690
687,359,469
700,189,359
582,1383,761
586,780,1450
1532,971,890
12,1973,890
102,942,1486
538,1483,1984
135,482,891
293,208,1053
1450,1984,687
1042,207,189
574,1310,72
1196,1165,1164
1021,400,663
1327,1494,18
904,1469,1355
1610,1448,2013
547,380,541
939,1004,376
107,659,1465
410,295,1485
409,151,92
413,383,1377
1590,243,365
411,383,1377
1347,700,249
802,1648,1965
546,968,923
1960,742,1178
419,411,413
411,1384,965
1134,734,659
925,926,1802
115,1803,627
422,1803,875
985,1541,143
1533,1072,628
1610,421,1284
628,149,421
546,1966,1287
443,78,951
546,1052,1146
429,78,1816
875,964,365
1912,1431,792
1282,148,944
1450,1370,387
659,1246,169
1384,2012,205
1656,1515,220
582,841,1547
220,763,1595
1515,1539,1905
576,1966,1480
429,1774,866
1966,356,1995
939,361,663
1986,1966,444
1539,546,291
365,244,1573
677,200,212
482,1539,1515
923,924,1624
967,107,1654
1056,742,1532
1174,1287,802
468,1149,715
34,291,1456
622,1698,184
1137,974,1574
200,1497,1261
1485,1563,1252
589,244,1553
1071,1061,1006
115,318,1067
1067,476,1470
1020,1149,779
472,1913,469
628,875,502
455,514,1690
790,873,300
149,54,1007
362,952,929
466,474,1913
1008,807,563
472,1064,475
562,1370,474
469,115,479
847,779,952
968,476,479
476,966,365
1643,482,126
1134,1248,1500
1515,1163,1084
1373,519,966
313,259,624
875,155,466
1556,968,1088
1178,309,1652
666,1825,1052
959,1196,942
1207,742,1139
83,1977,1246
1199,470,1859
1830,914,627
1789,663,918
1061,924,923
121,624,261
86,620,31
1497,151,84
719,508,212
603,891,1375
1829,1370,1052
628,825,1072
488,1527,469
506,505,1287
504,1503,506
504,505,205
988,1825,1400
742,1486,220
1520,328,200
295,1706,752
359,576,572
1500,165,1284
515,516,1586
530,1421,952
513,516,517
513,515,517
516,31,662
1252,687,1654
1494,179,804
1802,866,710
1848,965,841
1254,1178,1654
1520,377,179
1652,1601,547
968,119,1061
244,546,1539
873,968,790
715,907,531
968,1079,1071
132,812,120
715,1231,907
135,873,1253
1829,107,359
1448,1764,643
1066,763,1043
572,1131,686
1486,508,33
763,872,1483
291,34,98
578,663,508
572,524,201
825,462,1006
559,1485,207
288,348,961
1178,1652,105
1480,621,1287
524,1652,107
717,747,1214
1977,1503,741
585,200,197
630,546,111
1967,1304,546
158,1393,1501
546,1052,1252
220,1965,275
359,220,663
1191,628,1706
107,967,987
1986,792,377
86,94,875
1803,875,94
628,1231,994
466,875,473
261,0,493
1539,966,1818
452,1815,49
508,663,1486
1165,1164,295
74,1652,421
546,1054,235
777,591,1905
1450,586,687
1028,1595,440
928,927,755
700,207,421
359,751,442
762,588,837
540,1284,610
1383,624,234
1640,121,862
1376,1355,700
761,1547,390
1375,673,1656
768,1174,987
200,189,588
1450,572,359
2005,1782,700
734,1385,802
893,940,1807
611,553,504
571,777,775
1497,320,1964
819,1244,761
872,1254,1052
300,1054,1132
1051,132,1026
827,660,14
1457,1314,1054
1237,1383,1920
936,1326,577
1652,1458,825
1385,911,493
604,186,174
603,1641,847
1949,875,840
1366,700,1705
893,659,1133
1405,189,1253
893,1725,631
33,675,150
121,1501,1327
546,1287,1147
1054,546,1623
109,599,171
1366,606,498
905,843,1486
618,1289,1494
617,18,480
175,1990,1880
840,86,31
1492,1503,546
457,1994,1698
624,1284,496
121,496,579
112,1967,501
778,2023,574
823,875,493
1084,149,1231
671,1006,469
551,579,624
1654,501,388
947,1382,804
1061,627,823
1026,1913,923
1068,1386,924
872,621,546
1706,166,632
621,1485,1879
628,502,1473
812,469,1087
1178,812,530
656,655,1051
1084,1448,309
643,895,1953
968,966,1072
1623,300,1075
961,100,833
1586,513,516
1539,1435,220
1644,1661,670
1556,1007,628
807,473,1084
1228,1402,965
540,508,656
656,1385,1146
655,107,135
974,1994,1698
1312,234,1026
1134,1246,1450
597,974,827
695,516,662
31,517,30
508,1556,999
185,673,1434
179,135,107
488,1370,175
2037,1532,1376
1167,228,929
911,1006,742
1661,1772,812
1913,1026,629
675,610,292
1375,1287,235
624,128,1959
1284,1376,610
295,1912,585
1387,621,546
1314,1458,1457
531,1231,1149
929,930,336
99,138,2104
628,1083,1473
1088,469,1803
588,1386,792
469,388,244
74,151,1649
398,1254,1652
189,31,116
864,1133,1059
1059,823,1089
1533,1541,629
116,628,1127
1913,1026,694
1282,693,1826
661,516,812
1133,1061,296
628,1008,854
976,1652,1943
866,293,1263
359,1347,1178
1178,74,1376
1237,773,687
121,553,1284
1326,936,699
742,966,968
1008,473,563
1020,1149,228
1638,663,1580
710,711,520
709,711,520
709,710,936
828,829,1149
119,1532,304
1494,1539,1021
531,907,1629
663,1556,967
673,1532,1654
876,988,1398
499,292,773
535,1283,1048
742,1456,1535
725,353,1965
1843,1828,1977
3,488,1931
722,54,1054
1977,1054,1457
388,984,730
1000,312,318
271,1809,501
914,1413,194
872,303,1546
303,300,722
722,1743,1832
1654,1134,687
875,1541,1913
1199,502,115
1803,1913,1623
1923,1539,1293
1807,94,1913
440,200,1487
1134,1977,687
1960,508,1535
804,1072,519
1610,132,853
1288,33,1487
888,842,1967
508,628,1556
4,1284,1128
510,641,1272
1533,1456,1072
1829,576,107
381,922,1652
687,1246,160
207,632,659
890,1458,12
12,393,1396
158,1977,1061
659,1254,1134
1960,792,675
1132,1450,872
452,582,220
1706,1686,1652
1595,1450,1829
1917,1048,1528
766,767,309
767,765,99
766,1539,765
1450,1829,1174
780,734,546
1130,1994,767
1893,1382,944
572,851,121
702,167,687
517,1626,31
777,591,571
1337,1078,1538
775,571,591
663,1946,1631
952,1061,1006
391,734,179
782,28,750
781,28,235
578,868,1289
1383,339,937
1814,213,130
572,484,772
356,804,628
247,1843,921
99,1763,1515
469,873,968
907,864,873
659,922,1261
1497,1369,1947
1089,562,1645
2006,310,147
1595,763,1075
1408,222,759
1311,1440,751
943,111,1595
737,879,155
1956,1947,1252
621,576,84
1960,469,1366
910,1802,632
1700,200,821
896,107,135
628,875,735
875,1803,561
1376,166,1421
1228,653,866
4,200,1700
527,1087,1394
742,1913,466
546,111,1370
700,911,421
875,1061,1166
1075,300,671
822,504,1421
593,1532,1893
970,1383,536
1205,273,1902
200,1654,687
627,1068,1061
823,924,923
1709,1905,1204
988,199,1335
597,1391,1484
828,712,1057
828,712,1057
1955,1323,200
1088,1070,132
1289,1494,804
1006,1214,628
1456,628,525
1079,907,529
189,1125,135
1802,637,1706
890,1446,756
919,1358,1020
262,687,620
421,965,888
628,473,1242
913,1676,200
1657,1725,553
1847,1041,480
943,111,360
864,873,790
1528,849,738
584,1611,1264
1326,1031,961
659,1134,1246
735,839,628
132,1070,907
628,697,639
628,1084,865
928,927,1127
380,858,1454
380,541,547
220,1287,968
546,525,1043
968,469,222
1852,1814,660
873,1385,1657
689,791,627
1061,779,1456
293,944,910
1630,1062,1063
1219,92,200
814,57,525
359,1958,1655
536,566,452
1068,1052,1960
469,262,790
1133,907,1061
627,1913,735
389,345,1398
1943,1205,524
223,804,292
234,687,773
36,743,806
132,831,968
1965,1927,722
504,1421,1727
220,1163,130
1580,2003,1310
555,283,1
26,1949,1493
841,964,562
105,171,165
1532,12,755
135,378,1654
200,913,504
576,501,1362
890,1207,1532
700,765,1610
806,545,220
182,262,1272
1879,508,111
154,1128,737
1879,558,107
843,913,72
1748,1825,1965
452,536,1131
700,200,1782
1108,508,1911
872,508,1556
791,1061,873
1068,1913,1066
1256,700,1030
804,866,947
1006,929,930
992,1431,527
200,1261,1986
1830,493,627
919,929,930
621,546,1539
1590,926,925
927,928,86
839,915,1167
1656,223,1587
247,788,1520
31,200,1054
924,1254,1082
924,1254,1082
925,951,965
925,951,965
928,1127,918
928,1127,918
929,680,228
929,680,228
546,219,525
570,1871,1786
663,494,508
155,1783,1928
1786,525,816
711,1326,709
624,121,1654
1822,508,905
663,1456,1789
1520,1027,1950
1284,1280,1642
481,1376,489
111,57,508
866,951,1282
954,955,949
1078,1337,1538
1263,910,632
443,951,1893
953,1377,955
82,2085,382
926,925,1282
779,1376,929
953,1377,955
954,955,949
411,945,954
956,411,382
411,1589,1480
956,411,382
489,191,1843
1678,1371,1681
1376,249,1652
1179,1803,847
1480,546,627
965,243,966
964,925,926
924,923,968
558,107,1132
478,1059,469
892,200,9
1652,547,165
1960,1061,872
28,193,1376
501,200,687
1698,1994,660
1858,1808,875
698,1019,1652
1347,107,576
348,1963,970
875,628,115
1960,147,1535
1382,1031,951
1658,9,200
1383,822,496
914,1081,1136
1803,875,1149
683,1532,1084
200,1261,558
1398,876,345
262,629,873
1007,1068,476
1068,1028,923
1610,345,912
469,34,291
875,562,493
765,815,67
502,1889,1088
300,513,469
1280,1486,33
663,508,673
1287,1995,546
1002,1656,438
1001,906,819
1434,664,207
1456,1583,1227
508,663,1280
911,779,1068
990,1556,1204
628,1084,473
1803,1913,875
1473,628,697
1412,78,699
1026,1595,1013
1174,200,1012
1376,1178,686
790,628,561
205,546,1384
1289,540,4
480,1091,1289
875,1520,750
707,839,624
663,714,556
1130,974,524
1382,546,951
734,1327,1986
1057,1533,1035
1595,1028,671
1520,940,247
1595,1026,923
708,119,1285
512,822,961
944,1326,1235
311,1583,1061
1375,72,1494
33,1132,1486
1089,1061,1631
1652,961,1376
1782,575,207
1922,288,348
937,624,1376
588,295,597
1494,480,618
1335,399,295
1539,621,742
646,1875,1626
1592,1595,1028
289,1136,1595
942,792,621
1294,1481,1174
485,1361,1980
1057,1252,501
1385,1387,802
501,1829,1393
1382,637,588
300,83,922
627,546,612
1246,1480,1464
712,1803,1050
1066,1913,1931
1067,1061,1133
862,1852,907
1059,249,907
1062,790,120
1062,790,120
474,875,628
1068,1913,968
1913,1068,1058
1059,318,115
1913,1066,115
874,1079,158
875,831,304
119,462,968
875,1533,750
890,393,1207
1893,1890,951
817,1595,1370
629,1058,790
200,165,504
595,779,1054
873,907,1061
1079,907,80
1913,1914,984
923,924,823
467,683,502
628,249,1008
1167,1061,318
1480,546,1725
262,629,873
1006,831,628
1068,1913,690
1824,894,1940
1018,188,1092
215,1284,1579
1531,1448,1673
623,1284,1776
986,1084,1092
875,1199,485
462,1071,119
1007,990,1476
668,1781,484
1067,318,312
1254,1761,1915
2075,1477,1059
1511,663,359
1050,546,538
519,1289,1694
588,135,1986
1263,1802,699
508,905,1034
1782,1024,288
1457,1706,116
703,1702,1902
1643,1486,1556
1759,1485,1966
1383,579,121
700,249,212
1643,480,1570
119,1071,663
1911,1108,1021
1108,1118,508
1018,1643,857
1092,1091,1579
1486,1610,1129
1963,1436,508
531,318,1006
86,469,1706
779,1006,929
928,927,1084
628,1084,1943
1960,1068,1486
1022,974,524
572,1960,536
967,595,1483
1059,689,872
659,481,734
31,442,189
1914,984,1595
1750,317,1742
1641,635,1376
1960,1456,1088
235,873,158
1006,94,1089
689,790,1089
628,1069,514
1287,964,546
1387,677,189
546,430,671
627,493,875
1072,1706,1934
712,1803,929
1451,1532,1580
119,115,1370
578,92,540
913,822,151
1289,188,578
628,361,1084
1494,380,295
1494,1515,244
974,1994,622
1532,1071,1638
943,621,206
1383,1000,802
273,821,1106
482,1072,1515
1165,1497,200
1165,1497,200
1067,816,1006
668,1085,929
628,875,1552
115,1007,335
1450,83,111
628,917,711
1539,1127,1515
1652,322,288
1829,454,501
1218,287,1236
1254,522,659
1371,825,1809
1376,687,700
962,1067,318
628,119,1070
1556,525,12
1956,1961,1075
226,1045,1068
12,525,508
430,739,94
951,1607,1382
493,546,864
111,1028,1535
713,1476,1478
200,29,1293
973,1806,1984
700,359,388
1382,546,443
1195,497,919
1194,497,1384
489,1850,1469
676,295,74
179,1494,203
304,875,628
1913,1533,472
1533,628,1087
1478,713,1980
1474,1199,456
1471,825,1068
1652,687,821
31,802,179
1580,1214,1456
1652,220,1595
1210,1173,322
1806,1563,1441
1212,1652,201
1698,1211,858
1451,1328,1638
628,1533,1084
836,1196,189
135,189,1515
140,409,410
1532,1638,1033
868,992,1030
1494,504,1485
1494,1482,1951
200,381,1331
628,1023,747
1825,1225,488
1224,1527,488
952,245,1776
1472,1004,1973
866,1263,1774
1006,984,779
790,1079,120
628,562,28
1052,1913,1068
1590,985,1803
1088,132,1070
866,1590,1412
750,819,440
702,1990,687
659,1391,827
983,1383,512
1375,1539,1465
628,1231,1438
628,138,1010
628,1084,116
472,508,474
28,700,1918
659,1059,687
1515,1084,1580
1246,1654,481
905,4,1251
1026,1370,1393
1108,1486,508
1450,1654,518
249,532,1287
1595,923,924
1435,1289,1156
1829,780,1287
377,442,1362
1258,756,1685
1260,1457,1314
1259,1457,678
107,200,1654
151,501,1261
1382,293,1228
1966,1391,501
1486,1280,795
763,546,111
628,1556,1070
1048,1456,1089
750,223,1341
440,1464,200
1809,847,1830
94,262,517
1990,398,1652
1642,1078,1538
1334,821,1024
538,98,111
1704,974,1775
1334,489,1782
1960,594,872
998,1486,1078
261,121,496
1401,951,944
1829,1058,546
331,348,675
179,780,1061
1327,165,174
1000,546,442
33,872,595
1017,1435,967
1291,559,1178
1290,822,802
1706,1890,1760
1013,1913,29
1048,1174,1089
1054,1718,120
2004,288,309
1297,1485,478
1835,902,115
200,1652,165
1301,964,244
1301,964,244
1843,588,1828
2019,1094,1284
1348,501,552
1928,1927,1480
967,452,1132
1308,259,236
1308,259,236
1450,1254,541
130,1652,940
107,1115,1827
658,1465,967
1652,105,1205
678,1457,1458
1072,1361,1716
1341,664,673
1252,802,518
1317,1788,1654
1318,508,999
1638,1157,1539
107,501,151
1742,602,641
830,220,380
1556,1532,971
765,1499,942
1031,704,925
611,359,576
345,381,179
1658,1581,1455
1026,1977,1718
200,1355,381
1876,742,872
637,1774,822
158,553,1977
1042,1539,399
1046,160,307
776,1078,1538
1450,1984,1829
454,460,1485
634,366,1985
1316,1375,804
631,1434,434
231,893,436
729,1520,26
546,1480,1287
1252,1417,1829
659,1134,414
1304,518,1252
1356,700,1327
789,726,922
866,944,699
1601,94,1595
1961,1432,922
961,1173,1205
1652,524,200
377,588,1362
135,377,1927
839,624,318
1450,1865,1667
207,1841,1848
1980,1072,2003
576,893,1347
135,893,166
1237,121,937
734,687,504
1386,221,606
1520,788,262
211,974,1016
200,973,1013
501,546,1450
1177,825,1680
1515,841,1802
244,1539,841
570,109,171
673,179,1656
581,288,1178
488,411,1224
330,1377,365
182,1752,1825
74,1581,1455
687,3,1057
1263,866,443
579,572,687
546,1574,1086
1807,873,378
1059,1254,1699
677,1051,659
531,1284,1690
26,1951,473
22,1383,546
827,1481,1415
913,822,200
1052,262,1796
922,1652,812
309,1421,76
1258,756,1685
923,924,1028
988,876,99
86,244,442
1404,546,1384
1282,866,944
653,1263,1228
211,622,140
1405,1400,1539
1404,608,1287
105,702,1254
205,1484,1852
753,659,1246
1850,837,262
579,234,121
1067,874,1059
866,1351,1760
627,914,1808
538,1075,1483
1416,1420,1391
1415,937,1252
1914,1450,1254
1445,659,558
1079,1024,873
454,1415,1421
1500,1376,121
1383,1814,1450
220,1654,249
1483,795,508
1134,873,158
827,184,657
160,1246,32
1370,501,546
1449,1178,1948
611,734,687
822,1485,1261
768,659,893
409,1153,1003
1342,967,1003
700,741,1289
943,1131,1383
107,1132,967
951,1382,948
1658,1450,1654
292,1652,878
812,1376,328
261,2004,2040
1443,1501,624
31,662,517
1418,1024,1827
438,1532,755
359,588,388
1610,1159,1776
1429,1134,309
398,1252,1829
1150,806,1532
603,1706,186
1914,2059,1748
970,545,2013
1455,1458,94
1583,1533,1457
1585,1314,1458
1455,1581,1457
1583,939,1242
1556,742,968
828,829,308
1072,1893,1676
890,747,1735
659,35,1595
967,1312,361
1893,1382,1890
855,628,1180
262,790,1126
585,1196,200
115,274,1826
1204,502,527
1227,1180,1532
628,875,1010
1203,1199,1096
1088,1059,1532
1532,1556,834
469,291,34
1202,1227,1242
205,14,660
546,1927,442
1048,1174,454
220,1656,1494
1132,111,538
827,660,597
802,638,151
508,1280,1485
440,967,755
1051,1485,596
570,1374,197
1700,659,1658
1431,1485,621
621,1254,659
1949,887,1893
1622,179,519
812,1889,808
300,1511,825
498,200,151
700,1061,1960
952,1376,514
481,121,1376
121,160,611
505,1450,504
621,677,922
516,321,912
682,1429,1776
1825,1875,198
1893,1956,1949
1893,440,443
1685,343,872
1940,1071,1092
586,967,872
212,381,126
1960,1654,823
1106,873,559
244,1539,116
615,988,1398
617,618,380
2058,821,1334
621,1068,924
940,1027,1889
312,628,1067
1355,581,1284
1914,627,128
972,193,581
1803,707,1149
2037,1803,1532
488,559,1752
584,764,454
1530,163,655
1529,295,585
380,1673,924
1580,1867,628
1456,1977,94
1068,538,1288
742,923,924
501,1654,1966
479,1086,89
1631,310,1699
1515,621,1043
1705,1366,606
875,627,631
1068,1519,872
567,525,1973
1648,974,380
1482,898,1720
872,1450,1059
1556,179,761
352,1493,1965
1574,984,1012
1539,1980,1533
843,1706,1669
823,875,627
1913,2010,1052
102,1485,30
1701,1673,1681
907,291,34
686,1926,74
1284,147,675
1155,331,681
508,1685,319
991,739,257
1565,1936,1007
1806,460,1485
1563,498,397
34,291,1007
459,140,1646
1376,190,1178
1538,675,1486
952,1014,1376
1219,364,4
1051,546,817
1539,859,1456
1719,448,1384
546,1913,1370
1033,1218,1341
951,1574,1391
875,488,1931
663,933,708
1824,2067,1092
1532,1867,1071
1455,1458,94
341,347,874
1456,1533,361
1623,205,1574
1457,1533,1054
513,515,516
220,940,1532
1960,1492,943
1590,917,145
925,926,951
888,1087,691
1045,1595,763
138,1503,1110
1009,513,509
1028,763,289
995,1610,1531
1069,99,876
1718,821,197
1006,1200,561
1706,965,520
734,524,1654
1644,650,655
531,874,1167
318,1067,476
296,964,628
1614,508,1300
1608,1351,1186
1607,1590,926
1917,1701,1706
1284,992,348
352,1774,653
1606,1824,713
1980,2003,1361
1606,1072,1670
888,964,841
875,1541,735
1624,1826,115
291,34,1786
94,1058,1796
1493,1574,466
1086,875,1809
1494,1157,1375
501,1052,353
1068,1059,1913
1058,1009,1626
513,488,1052
1671,1913,825
875,1913,94
715,907,531
867,1058,1718
1035,1538,1699
1132,107,558
866,1382,1228
78,866,1590
866,951,78
951,866,1634
985,1083,1803
708,663,1539
348,983,930
580,301,1149
907,493,527
874,1538,310
1112,179,480
650,655,1661
790,525,1730
1701,1726,1727
119,1848,1556
923,924,1254
686,508,1486
594,825,893
1712,1652,1595
687,524,200
1704,1683,1686
734,200,1914
388,870,179
220,1532,1375
442,1135,576
1700,1652,504
609,1384,1405
1790,2018,1932
1495,670,1644
1125,965,132
1663,2003,940
1663,2003,940
1665,1456,1700
1665,1456,1700
1667,1595,1359
1667,1595,1359
262,1480,1905
1614,1072,2003
1520,1889,1627
524,840,1652
380,1531,700
1913,875,1035
780,1539,1632
843,1995,1893
1690,641,685
1708,1681,1680
1709,1680,1651
1699,1679,825
1705,1678,1652
1710,1680,1683
1702,1653,1682
948,1893,951
971,1535,649
1706,762,1652
1707,1678,1680
1711,1680,1681
1703,247,1950
310,1556,1133
1441,1646,1877
501,2010,902
841,1848,1752
249,1652,1385
1595,763,1045
1696,701,789
937,288,1652
974,1994,1355
1709,1680,1710
200,1658,1652
1555,1710,1708
1683,1704,1710
1689,247,1705
1653,1702,1710
1681,1708,1707
1686,1708,1704
1687,1708,1705
1705,1678,1707
1679,1699,1702
1682,1702,1704
1688,1705,1503
1651,1028,1595
442,1157,2018
2054,217,266
1556,1285,291
243,1893,365
119,935,1789
1054,973,1330
1720,243,964
1719,442,1986
344,898,92
1366,984,1009
924,923,1652
1821,274,1748
1480,442,271
1727,1796,1905
1726,1796,262
1913,841,923
1982,1556,1867
54,1061,1079
1859,1133,2075
789,28,1702
1016,974,1484
817,946,33
890,717,1532
1912,1385,589
944,866,1590
923,924,1960
1961,2108,430
872,150,1133
535,1006,34
742,1912,1385
1052,300,1913
1829,501,1052
1228,1893,1466
1751,333,802
501,546,973
1254,923,924
1748,1752,873
1137,1742,622
1752,1519,1704
893,1778,1751
1825,739,469
1580,1515,1656
2010,1716,1515
357,1191,1455
1756,1504,1806
1806,1649,216
1113,397,1564
1412,1607,866
319,1595,943
1160,57,546
789,99,1843
288,2013,1376
1766,1767,866
1765,1774,1768
1768,866,1765
1767,1766,1774
170,1771,1648
1829,1450,501
1491,242,1643
89,670,1087
94,212,1652
443,1228,1893
116,974,741
952,348,1948
1706,1686,1652
1752,250,1727
687,1796,572
1994,622,974
228,336,930
249,700,1109
875,291,34
1825,1725,666
1727,1641,665
525,1789,935
1363,893,309
482,1051,1532
119,291,34
1485,1692,1893
1504,897,1444
1107,653,1890
1945,1515,244
1752,182,517
1009,1803,469
469,1727,262
228,633,128
914,791,318
1007,361,314
1801,480,1658
1800,1028,923
965,804,421
985,875,1913
1879,1264,594
1849,1649,872
1485,454,1254
1385,739,1051
493,1830,875
864,469,875
925,926,628
275,1790,1244
459,1317,822
261,1943,496
493,1054,907
581,1641,2025
1134,659,546
493,94,1654
1519,742,968
672,566,761
98,219,538
1879,1450,1654
999,1021,663
288,249,1963
1583,1579,1456
488,501,1370
1912,115,1852
1445,381,734
120,200,262
501,276,398
914,493,1918
102,1264,394
1059,239,635
1297,1485,478
1748,1914,822
1835,902,115
98,1052,1748
1288,872,538
1850,959,489
488,1052,1626
291,34,525
179,442,2
174,35,258
1977,1134,249
1845,1966,442
1844,442,1846
1845,1844,84
207,295,1673
521,1752,1912
1052,1393,469
1196,116,837
1494,179,1673
862,128,1136
992,1128,701
1961,1458,245
1146,546,111
823,1376,687
411,383,1384
525,663,975
1059,816,874
88,1594,1626
1801,1028,1081
494,1789,1946
1725,1657,30
1133,1865,1958
1595,1052,1450
1533,1054,1480
1532,1580,1556
1089,742,1913
1028,1254,1960
1699,1254,359
932,1786,155
888,328,421
365,485,935
31,1966,179
1913,1026,671
1332,825,742
1878,1889,996
1877,996,482
216,1254,802
631,1918,1809
925,926,1737
1986,1829,501
1074,207,140
535,1043,508
1631,1265,1108
872,115,1254
830,1178,1196
1986,1966,869
1912,1520,262
1228,866,1893
345,1327,1705
1809,422,1363
1956,1949,144
637,812,1488
1072,1949,1494
964,485,841
1944,757,179
1059,1595,1712
32,1864,875
971,943,1483
216,1789,1742
35,1927,1520
563,1515,628
107,802,442
802,825,94
1330,1961,1990
203,1515,1705
1330,737,262
952,1071,138
1829,3,501
1960,1535,971
1889,1826,589
671,1066,1068
1654,307,1081
1535,90,1028
349,508,1127
764,1806,1726
121,493,1830
1977,1054,922
493,167,546
1743,269,1984
1960,245,1376
1934,220,1244
1925,1284,1035
1925,1284,1035
686,74,1178
1928,1480,1949
1927,353,501
1477,1744,469
1825,1224,411
1058,1913,1370
356,1893,175
1533,1803,1934
1458,1905,244
421,919,1723
872,1960,225
1134,741,942
309,527,99
1385,595,1026
1911,1284,1580
1052,538,349
1134,741,687
247,1376,1950
983,937,74
1793,1501,611
251,2023,663
501,1956,1829
1776,700,1782
1927,1893,605
247,940,263
1389,26,1494
1429,1610,895
345,309,870
1776,527,99
201,273,873
1893,443,1947
1012,1028,1598
870,1133,1809
115,318,1914
742,872,971
763,1829,276
467,1231,628
131,288,1284
1778,1727,74
1450,1052,501
442,1986,501
501,1370,377
1072,1932,356
2003,1456,1072
1133,872,1007
336,680,930
34,291,300
1583,1456,834
967,1043,1089
1601,292,1960
1696,701,789
1843,741,83
751,83,1595
1960,1738,1131
1361,563,1049
1738,581,1376
1532,663,1375
1782,904,1948
398,1829,1450
1595,1254,289
501,1829,1966
1024,1106,1986
119,1096,1717
312,318,728
1237,702,356
1532,628,1943
1829,3,378
200,1658,1782
974,1698,622
1000,1287,1949
171,973,1718
1984,1252,1595
273,175,611
1533,1585,1026
228,581,972
217,624,259
119,235,562
1969,750,1072
0,2040,261
587,309,1069
795,1254,310
421,2013,992
1438,837,699
558,621,1595
501,1553,1965
2071,347,341
1965,1052,1825
288,0,165
172,2022,939
318,312,1067
1126,919,1803
671,1026,1370
1934,1720,1965
2019,1094,1284
1443,1501,624
1284,1376,348
1583,986,1456
1946,663,1021
172,1556,663
362,930,929
1991,223,1532
1948,414,348
790,249,907
515,513,1586
353,1889,1377
243,1966,244
2104,924,923
1376,2054,249
1701,1555,1143
701,1178,1376
481,1284,1205
1532,667,1541
2100,825,767
1657,194,1813
2004,1376,1442
336,712,228
1067,1059,1386
757,1748,1928
2073,1429,1449
1803,1009,1504
761,288,1178
185,967,220
1961,2012,1774
1133,1059,1953
1387,1503,1250
318,839,1100
1700,1651,1595
1977,1652,1061
1808,493,87
150,1386,481
1958,481,1942
160,35,703
288,1518,1205
353,1623,1911
247,1943,921
167,261,2054
515,997,817
972,215,193
681,1585,1730
698,1963,76
659,687,772
942,1284,1924
1136,234,1585
74,822,524
1059,1035,1133
2011,347,341
1969,1664,1663
2044,1429,1449
1752,262,758
335,476,1133
1493,1980,1361
2077,1963,348
2077,1963,348
115,991,1370
2080,1700,1960
1572,299,2095
266,284,1931
1178,1726,1499
352,1384,1752
1378,382,1832
1971,484,259
914,984,668
1558,795,941
712,828,829
292,1150,1991
442,377,729
501,1370,1928
249,1830,1918
194,234,627
963,411,1432
1900,1911,1960
1893,9,1806
1991,1532,181
1748,1934,244
2038,767,825
1905,84,1966
872,115,3
1984,1254,1595
2032,923,924
2080,1700,1960
99,911,789
1960,1366,701
94,1533,1913
879,1990,773
1789,115,525
